<?xml version="1.0" encoding="UTF-8" standalone="yes"?>
<addon id="exodus" name="Exodus IPTV Repo" version="0.0.4" provider-name="SteevieGee">
	<extension point="xbmc.addon.repository" name="Exodus Repo">
		<dir>
            <info compressed="false">https://raw.githubusercontent.com/BigRedJim/exodus/master/addons.xml</info>
            <checksum>https://raw.githubusercontent.com/BigRedJim/exodus/master/addons.xml.md5</checksum>
            <datadir zip="true">https://raw.githubusercontent.com/BigRedJim/exodus/master/</datadir>
		</dir>
	</extension>
	<extension point="xbmc.addon.metadata">
		<summary lang="en"></summary>
		<description lang="en"></description>
        <assets>
            <icon>icon.png</icon>
            <fanart>fanart.jpg</fanart>
        </assets>
	</extension>
</addon>